Curling Coin|2007|GG|1|0.25||25-cent Curling Coin (February 23, 2007)||canadian_25_olimpic2010_curling_2007|canadian_25_olimpic2010_2007
Ice Hockey Coin|2007|GG|0|0.25||25-cent Ice Hockey Coin (April 4, 2007)||canadian_25_olimpic2010_ice_hockey_2007|canadian_25_olimpic2010_2007
Wheelchair Curling Coin|2007|GG|1|0.25||25-cent Wheelchair Curling Coin (July 11, 2007)||canadian_25_olimpic2010_wheelchair_curling_2007|canadian_25_olimpic2010_2007
Biathlon Coin|2007|GG|1|0.25||25-cent Biathlon Coin (September 12, 2007)||canadian_25_olimpic2010_biathlon_2007|canadian_25_olimpic2010_2007
Alpine Skiing Coin|2007|GG|0|0.25||25-cent Alpine Skiing Coin (October 24, 2007)||canadian_25_olimpic2010_alpine_skiing_2007|canadian_25_olimpic2010_2007
Snowboard Coin|2008|GG|1|0.25||25-cent Snowboard Coin (February 20, 2008)||canadian_25_olimpic2010_snowboard_2008|canadian_25_olimpic2010_2008
Freestyle Skiing Coin|2008|GG|0|0.25||25-cent Freestyle Skiing Coin (April 16, 2008)||canadian_25_olimpic2010_freestyle_skiing_2008|canadian_25_olimpic2010_2008
Lucky Loonie|2008||0|1||Lucky Loonie (July 23, 2008)||canadian_25_olimpic2010_lucky_loonie_2008|canadian_25_olimpic2010_lucky_loonie_2008_b
Figure Skating Coin|2008|GG|1|0.25||25-cent Figure Skating Coin (November 18, 2008)||canadian_25_olimpic2010_figure_skating_2008|canadian_25_olimpic2010_2008
Ice Sledge Hockey|2009|GG|1|0.25||25-cent Ice Sledge Hockey (2009)||canadian_25_olimpic2010_ice_sledge_hockey_2009|canadian_25_olimpic2010_2009
Cross Country Skiing Coin|2009|GG|0|0.25||25-cent Cross Country Skiing Coin (January 15, 2009)||canadian_25_olimpic2010_cross_country_skiing_2009|canadian_25_olimpic2010_2009
Speed Skating Coin|2009|GG|1|0.25||25-cent Speed Skating Coin (March 12, 2009)||canadian_25_olympic2010_speed_skating_2009|canadian_25_olimpic2010_2009
Bobsleigh Coin|2009|GG|0|0.25||25-cent Bobsleigh Coin (June 23, 2009)||canadian_25_olimpic2010_bob_sleighing_2009|canadian_25_olimpic2010_2009
Moment 1 - Men's Ice Hockey|2009|JB|1|0.25||25-cent Moment 1 - Men's Ice Hockey (September 29, 2009)||canadian_25_olympic2010_moment1_mens_ice_hockey_2009|canadian_25_olimpic2010_2009
Moment 1 - Men's Ice Hockey (Color)|2009|JB|0|0.25||25-cent Moment 1 - Men's Ice Hockey (Color)||canadian_25_olympic2010_moment1_mens_ice_hockey_2009_color|canadian_25_olimpic2010_2009
Moment 2 - Women's Ice Hockey |2009|JB|1|0.25||25-cent Moment 2 - Women's Ice Hockey ( November 17, 2009)||canadian_25_olympic2010_moment2_womens_ice_hockey_2009|canadian_25_olimpic2010_2009
Moment 2 - Women's Ice Hockey ( Color )|2009|JB|1|0.25||25-cent Moment 2 - Women's Ice Hockey ( Color )||canadian_25_olympic2010_moment2_womens_ice_hockey_2009_color|canadian_25_olimpic2010_2009
Moment 3 - Cindy Klassen|2009|JB|1|0.25||25-cent Moment 3 - Cindy Klassen (January 5, 2010)||canadian_25_celebrating_cindy_klassen_medals_olimpic_2010|canadian_25_olimpic2010_2009
Moment 3 - Cindy Klassen ( Color )|2009|JB|0|0.25||25-cent Moment 3 - Cindy Klassen ( Color )||canadian_25_celebrating_cindy_klassen_medals_olimpic_2010_color|canadian_25_olimpic2010_2009
Lucky Loonie|2010||1|1||Lucky Loonie (February 12, 2010)||canadian_25_olimpic2010_lucky_loonie_2010|canadian_25_olimpic2010_lucky_loonie_2010_b